sample,target,up,down,fp,rp
1,CATGCTTTCTTCAACAAGTCCTGTTATGCTTTTCCACAGCTTTCTTGAACTTCTT,CAGGATTTCAACTTC,ATGCCTAGTGCAATT,CCACGTAAGCTCAAAGGGTCTTCCTCTTCTC,AAACTAGCTTATTGTGTGGGATTTTTTAGAA
2,CATGCTTTCTTCAACAAGTCCTGTTATGCTTTTCCACAGCTTTCTTGAACTTCTT,CAGGATTTCAACTTC,ATGCCTAGTGCAATT,CCACGTAAGCTCAAAGGGTCTTCCTCTTCTC,CGCCGAGCTTATTGTGTGGGATTTTTTAGAA
3,CATGCTTTCTTCAACAAGTCCTGTTATGCTTTTCCACAGCTTTCTTGAACTTCTT,CAGGATTTCAACTTC,ATGCCTAGTGCAATT,CCACGTAAGCTCAAAGGGTCTTCCTCTTCTC,ACAGGAGCTTATTGTGTGGGATTTTTTAGAA
4,CATGCTTTCTTCAACAAGTCCTGTTATGCTTTTCCACAGCTTTCTTGAACTTCTT,CAGGATTTCAACTTC,ATGCCTAGTGCAATT,CCACGTAAGCTCAAAGGGTCTTCCTCTTCTC,CATTAAGCTTATTGTGTGGGATTTTTTAGAA
5,CATGCTTTCTTCAACAAGTCCTGTTATGCTTTTCCACAGCTTTCTTGAACTTCTT,CAGGATTTCAACTTC,ATGCCTAGTGCAATT,CCACGTAAGCTCAAAGGGTCTTCCTCTTCTC,ATCGTAGCTTATTGTGTGGGATTTTTTAGAA
6,CATGCTTTCTTCAACAAGTCCTGTTATGCTTTTCCACAGCTTTCTTGAACTTCTT,CAGGATTTCAACTTC,ATGCCTAGTGCAATT,CCACGTAAGCTCAAAGGGTCTTCCTCTTCTC,TAGCAAGCTTATTGTGTGGGATTTTTTAGAA
7,CATGCTTTCTTCAACAAGTCCTGTTATGCTTTTCCACAGCTTTCTTGAACTTCTT,CAGGATTTCAACTTC,ATGCCTAGTGCAATT,CCACGTAAGCTCAAAGGGTCTTCCTCTTCTC,TTGACAGCTTATTGTGTGGGATTTTTTAGAA
8,CATGCTTTCTTCAACAAGTCCTGTTATGCTTTTCCACAGCTTTCTTGAACTTCTT,CAGGATTTCAACTTC,ATGCCTAGTGCAATT,CCACGTAAGCTCAAAGGGTCTTCCTCTTCTC,GACTGAGCTTATTGTGTGGGATTTTTTAGAA
9,CATGCTTTCTTCAACAAGTCCTGTTATGCTTTTCCACAGCTTTCTTGAACTTCTT,CAGGATTTCAACTTC,ATGCCTAGTGCAATT,CCACGTAAGCTCAAAGGGTCTTCCTCTTCTC,CGGGAAGCTTATTGTGTGGGATTTTTTAGAA
10,CATGCTTTCTTCAACAAGTCCTGTTATGCTTTTCCACAGCTTTCTTGAACTTCTT,CAGGATTTCAACTTC,ATGCCTAGTGCAATT,CCACGTAAGCTCAAAGGGTCTTCCTCTTCTC,TATGCAGCTTATTGTGTGGGATTTTTTAGAA
11,CATGCTTTCTTCAACAAGTCCTGTTATGCTTTTCCACAGCTTTCTTGAACTTCTT,CAGGATTTCAACTTC,ATGCCTAGTGCAATT,TTGACTAAGCTCAAAGGGTCTTCCTCTTCTC,AAACTAGCTTATTGTGTGGGATTTTTTAGAA
12,CATGCTTTCTTCAACAAGTCCTGTTATGCTTTTCCACAGCTTTCTTGAACTTCTT,CAGGATTTCAACTTC,ATGCCTAGTGCAATT,TTGACTAAGCTCAAAGGGTCTTCCTCTTCTC,CGCCGAGCTTATTGTGTGGGATTTTTTAGAA
13,CATGCTTTCTTCAACAAGTCCTGTTATGCTTTTCCACAGCTTTCTTGAACTTCTT,CAGGATTTCAACTTC,ATGCCTAGTGCAATT,TTGACTAAGCTCAAAGGGTCTTCCTCTTCTC,ACAGGAGCTTATTGTGTGGGATTTTTTAGAA
14,CATGCTTTCTTCAACAAGTCCTGTTATGCTTTTCCACAGCTTTCTTGAACTTCTT,CAGGATTTCAACTTC,ATGCCTAGTGCAATT,TTGACTAAGCTCAAAGGGTCTTCCTCTTCTC,CATTAAGCTTATTGTGTGGGATTTTTTAGAA
15,CATGCTTTCTTCAACAAGTCCTGTTATGCTTTTCCACAGCTTTCTTGAACTTCTT,CAGGATTTCAACTTC,ATGCCTAGTGCAATT,TTGACTAAGCTCAAAGGGTCTTCCTCTTCTC,ATCGTAGCTTATTGTGTGGGATTTTTTAGAA
16,CATGCTTTCTTCAACAAGTCCTGTTATGCTTTTCCACAGCTTTCTTGAACTTCTT,CAGGATTTCAACTTC,ATGCCTAGTGCAATT,TTGACTAAGCTCAAAGGGTCTTCCTCTTCTC,TAGCAAGCTTATTGTGTGGGATTTTTTAGAA
17,CATGCTTTCTTCAACAAGTCCTGTTATGCTTTTCCACAGCTTTCTTGAACTTCTT,CAGGATTTCAACTTC,ATGCCTAGTGCAATT,TTGACTAAGCTCAAAGGGTCTTCCTCTTCTC,TTGACAGCTTATTGTGTGGGATTTTTTAGAA
18,CATGCTTTCTTCAACAAGTCCTGTTATGCTTTTCCACAGCTTTCTTGAACTTCTT,CAGGATTTCAACTTC,ATGCCTAGTGCAATT,TTGACTAAGCTCAAAGGGTCTTCCTCTTCTC,GACTGAGCTTATTGTGTGGGATTTTTTAGAA
19,CATGCTTTCTTCAACAAGTCCTGTTATGCTTTTCCACAGCTTTCTTGAACTTCTT,CAGGATTTCAACTTC,ATGCCTAGTGCAATT,TTGACTAAGCTCAAAGGGTCTTCCTCTTCTC,CGGGAAGCTTATTGTGTGGGATTTTTTAGAA
20,CATGCTTTCTTCAACAAGTCCTGTTATGCTTTTCCACAGCTTTCTTGAACTTCTT,CAGGATTTCAACTTC,ATGCCTAGTGCAATT,TTGACTAAGCTCAAAGGGTCTTCCTCTTCTC,TATGCAGCTTATTGTGTGGGATTTTTTAGAA
21,CAATAATTGCACTAGGCATAAGAAGTTCAAGAAAGCTGTGGAAAAGCATAACAGG,ACTTCTATGCCACAT,ACTTGTTGAAGAAAG,GACTGTAAGCTCAAAGGGTCTTCCTCTTCTC,AAACTAGCTTATTGTGTGGGATTTTTTAGAA
22,CAATAATTGCACTAGGCATAAGAAGTTCAAGAAAGCTGTGGAAAAGCATAACAGG,ACTTCTATGCCACAT,ACTTGTTGAAGAAAG,GACTGTAAGCTCAAAGGGTCTTCCTCTTCTC,CGCCGAGCTTATTGTGTGGGATTTTTTAGAA
23,CAATAATTGCACTAGGCATAAGAAGTTCAAGAAAGCTGTGGAAAAGCATAACAGG,ACTTCTATGCCACAT,ACTTGTTGAAGAAAG,GACTGTAAGCTCAAAGGGTCTTCCTCTTCTC,ACAGGAGCTTATTGTGTGGGATTTTTTAGAA
24,CAATAATTGCACTAGGCATAAGAAGTTCAAGAAAGCTGTGGAAAAGCATAACAGG,ACTTCTATGCCACAT,ACTTGTTGAAGAAAG,GACTGTAAGCTCAAAGGGTCTTCCTCTTCTC,CATTAAGCTTATTGTGTGGGATTTTTTAGAA
25,CAATAATTGCACTAGGCATAAGAAGTTCAAGAAAGCTGTGGAAAAGCATAACAGG,ACTTCTATGCCACAT,ACTTGTTGAAGAAAG,GACTGTAAGCTCAAAGGGTCTTCCTCTTCTC,ATCGTAGCTTATTGTGTGGGATTTTTTAGAA
26,CAATAATTGCACTAGGCATAAGAAGTTCAAGAAAGCTGTGGAAAAGCATAACAGG,ACTTCTATGCCACAT,ACTTGTTGAAGAAAG,GACTGTAAGCTCAAAGGGTCTTCCTCTTCTC,TAGCAAGCTTATTGTGTGGGATTTTTTAGAA
27,CAATAATTGCACTAGGCATAAGAAGTTCAAGAAAGCTGTGGAAAAGCATAACAGG,ACTTCTATGCCACAT,ACTTGTTGAAGAAAG,GACTGTAAGCTCAAAGGGTCTTCCTCTTCTC,TTGACAGCTTATTGTGTGGGATTTTTTAGAA
28,CAATAATTGCACTAGGCATAAGAAGTTCAAGAAAGCTGTGGAAAAGCATAACAGG,ACTTCTATGCCACAT,ACTTGTTGAAGAAAG,GACTGTAAGCTCAAAGGGTCTTCCTCTTCTC,GACTGAGCTTATTGTGTGGGATTTTTTAGAA
29,CAATAATTGCACTAGGCATAAGAAGTTCAAGAAAGCTGTGGAAAAGCATAACAGG,ACTTCTATGCCACAT,ACTTGTTGAAGAAAG,GACTGTAAGCTCAAAGGGTCTTCCTCTTCTC,CGGGAAGCTTATTGTGTGGGATTTTTTAGAA
30,CAATAATTGCACTAGGCATAAGAAGTTCAAGAAAGCTGTGGAAAAGCATAACAGG,ACTTCTATGCCACAT,ACTTGTTGAAGAAAG,GACTGTAAGCTCAAAGGGTCTTCCTCTTCTC,TATGCAGCTTATTGTGTGGGATTTTTTAGAA
31,CAATAATTGCACTAGGCATAAGAAGTTCAAGAAAGCTGTGGAAAAGCATAACAGG,ACTTCTATGCCACAT,ACTTGTTGAAGAAAG,CGAAATAAGCTCAAAGGGTCTTCCTCTTCTC,AAACTAGCTTATTGTGTGGGATTTTTTAGAA
32,CAATAATTGCACTAGGCATAAGAAGTTCAAGAAAGCTGTGGAAAAGCATAACAGG,ACTTCTATGCCACAT,ACTTGTTGAAGAAAG,CGAAATAAGCTCAAAGGGTCTTCCTCTTCTC,CGCCGAGCTTATTGTGTGGGATTTTTTAGAA
33,CAATAATTGCACTAGGCATAAGAAGTTCAAGAAAGCTGTGGAAAAGCATAACAGG,ACTTCTATGCCACAT,ACTTGTTGAAGAAAG,CGAAATAAGCTCAAAGGGTCTTCCTCTTCTC,ACAGGAGCTTATTGTGTGGGATTTTTTAGAA
34,CAATAATTGCACTAGGCATAAGAAGTTCAAGAAAGCTGTGGAAAAGCATAACAGG,ACTTCTATGCCACAT,ACTTGTTGAAGAAAG,CGAAATAAGCTCAAAGGGTCTTCCTCTTCTC,CATTAAGCTTATTGTGTGGGATTTTTTAGAA
35,CAATAATTGCACTAGGCATAAGAAGTTCAAGAAAGCTGTGGAAAAGCATAACAGG,ACTTCTATGCCACAT,ACTTGTTGAAGAAAG,CGAAATAAGCTCAAAGGGTCTTCCTCTTCTC,ATCGTAGCTTATTGTGTGGGATTTTTTAGAA
36,CAATAATTGCACTAGGCATAAGAAGTTCAAGAAAGCTGTGGAAAAGCATAACAGG,ACTTCTATGCCACAT,ACTTGTTGAAGAAAG,CGAAATAAGCTCAAAGGGTCTTCCTCTTCTC,TAGCAAGCTTATTGTGTGGGATTTTTTAGAA
37,CAATAATTGCACTAGGCATAAGAAGTTCAAGAAAGCTGTGGAAAAGCATAACAGG,ACTTCTATGCCACAT,ACTTGTTGAAGAAAG,CGAAATAAGCTCAAAGGGTCTTCCTCTTCTC,TTGACAGCTTATTGTGTGGGATTTTTTAGAA
38,CAATAATTGCACTAGGCATAAGAAGTTCAAGAAAGCTGTGGAAAAGCATAACAGG,ACTTCTATGCCACAT,ACTTGTTGAAGAAAG,CGAAATAAGCTCAAAGGGTCTTCCTCTTCTC,GACTGAGCTTATTGTGTGGGATTTTTTAGAA
39,CAATAATTGCACTAGGCATAAGAAGTTCAAGAAAGCTGTGGAAAAGCATAACAGG,ACTTCTATGCCACAT,ACTTGTTGAAGAAAG,CGAAATAAGCTCAAAGGGTCTTCCTCTTCTC,CGGGAAGCTTATTGTGTGGGATTTTTTAGAA
40,CAATAATTGCACTAGGCATAAGAAGTTCAAGAAAGCTGTGGAAAAGCATAACAGG,ACTTCTATGCCACAT,ACTTGTTGAAGAAAG,CGAAATAAGCTCAAAGGGTCTTCCTCTTCTC,TATGCAGCTTATTGTGTGGGATTTTTTAGAA
41,GTGCAATTATTGATGTGGCATAGAAGTTTAAGAAAAATGTGGAAAAACATGTCAA,AACTTCTTATGCCTA,ATCTAGGACTTAATT,TATGCTAAGCTCAAAGGGTCTTCCTCTTCTC,AAACTAGCTTATTGTGTGGGATTTTTTAGAA
42,GTGCAATTATTGATGTGGCATAGAAGTTTAAGAAAAATGTGGAAAAACATGTCAA,AACTTCTTATGCCTA,ATCTAGGACTTAATT,TATGCTAAGCTCAAAGGGTCTTCCTCTTCTC,CGCCGAGCTTATTGTGTGGGATTTTTTAGAA
43,GTGCAATTATTGATGTGGCATAGAAGTTTAAGAAAAATGTGGAAAAACATGTCAA,AACTTCTTATGCCTA,ATCTAGGACTTAATT,TATGCTAAGCTCAAAGGGTCTTCCTCTTCTC,ACAGGAGCTTATTGTGTGGGATTTTTTAGAA
44,GTGCAATTATTGATGTGGCATAGAAGTTTAAGAAAAATGTGGAAAAACATGTCAA,AACTTCTTATGCCTA,ATCTAGGACTTAATT,TATGCTAAGCTCAAAGGGTCTTCCTCTTCTC,CATTAAGCTTATTGTGTGGGATTTTTTAGAA
45,GTGCAATTATTGATGTGGCATAGAAGTTTAAGAAAAATGTGGAAAAACATGTCAA,AACTTCTTATGCCTA,ATCTAGGACTTAATT,TATGCTAAGCTCAAAGGGTCTTCCTCTTCTC,ATCGTAGCTTATTGTGTGGGATTTTTTAGAA
46,GTGCAATTATTGATGTGGCATAGAAGTTTAAGAAAAATGTGGAAAAACATGTCAA,AACTTCTTATGCCTA,ATCTAGGACTTAATT,TATGCTAAGCTCAAAGGGTCTTCCTCTTCTC,TAGCAAGCTTATTGTGTGGGATTTTTTAGAA
47,GTGCAATTATTGATGTGGCATAGAAGTTTAAGAAAAATGTGGAAAAACATGTCAA,AACTTCTTATGCCTA,ATCTAGGACTTAATT,TATGCTAAGCTCAAAGGGTCTTCCTCTTCTC,TTGACAGCTTATTGTGTGGGATTTTTTAGAA
48,GTGCAATTATTGATGTGGCATAGAAGTTTAAGAAAAATGTGGAAAAACATGTCAA,AACTTCTTATGCCTA,ATCTAGGACTTAATT,TATGCTAAGCTCAAAGGGTCTTCCTCTTCTC,GACTGAGCTTATTGTGTGGGATTTTTTAGAA
49,GTGCAATTATTGATGTGGCATAGAAGTTTAAGAAAAATGTGGAAAAACATGTCAA,AACTTCTTATGCCTA,ATCTAGGACTTAATT,TATGCTAAGCTCAAAGGGTCTTCCTCTTCTC,CGGGAAGCTTATTGTGTGGGATTTTTTAGAA
50,GTGCAATTATTGATGTGGCATAGAAGTTTAAGAAAAATGTGGAAAAACATGTCAA,AACTTCTTATGCCTA,ATCTAGGACTTAATT,TATGCTAAGCTCAAAGGGTCTTCCTCTTCTC,TATGCAGCTTATTGTGTGGGATTTTTTAGAA
51,GTGCAATTATTGATGTGGCATAGAAGTTTAAGAAAAATGTGGAAAAACATGTCAA,AACTTCTTATGCCTA,ATCTAGGACTTAATT,ACTGATAAGCTCAAAGGGTCTTCCTCTTCTC,AAACTAGCTTATTGTGTGGGATTTTTTAGAA
52,GTGCAATTATTGATGTGGCATAGAAGTTTAAGAAAAATGTGGAAAAACATGTCAA,AACTTCTTATGCCTA,ATCTAGGACTTAATT,ACTGATAAGCTCAAAGGGTCTTCCTCTTCTC,CGCCGAGCTTATTGTGTGGGATTTTTTAGAA
53,GTGCAATTATTGATGTGGCATAGAAGTTTAAGAAAAATGTGGAAAAACATGTCAA,AACTTCTTATGCCTA,ATCTAGGACTTAATT,ACTGATAAGCTCAAAGGGTCTTCCTCTTCTC,ACAGGAGCTTATTGTGTGGGATTTTTTAGAA
54,GTGCAATTATTGATGTGGCATAGAAGTTTAAGAAAAATGTGGAAAAACATGTCAA,AACTTCTTATGCCTA,ATCTAGGACTTAATT,ACTGATAAGCTCAAAGGGTCTTCCTCTTCTC,CATTAAGCTTATTGTGTGGGATTTTTTAGAA
55,GTGCAATTATTGATGTGGCATAGAAGTTTAAGAAAAATGTGGAAAAACATGTCAA,AACTTCTTATGCCTA,ATCTAGGACTTAATT,ACTGATAAGCTCAAAGGGTCTTCCTCTTCTC,ATCGTAGCTTATTGTGTGGGATTTTTTAGAA
56,GTGCAATTATTGATGTGGCATAGAAGTTTAAGAAAAATGTGGAAAAACATGTCAA,AACTTCTTATGCCTA,ATCTAGGACTTAATT,ACTGATAAGCTCAAAGGGTCTTCCTCTTCTC,TAGCAAGCTTATTGTGTGGGATTTTTTAGAA
57,GTGCAATTATTGATGTGGCATAGAAGTTTAAGAAAAATGTGGAAAAACATGTCAA,AACTTCTTATGCCTA,ATCTAGGACTTAATT,ACTGATAAGCTCAAAGGGTCTTCCTCTTCTC,TTGACAGCTTATTGTGTGGGATTTTTTAGAA
58,GTGCAATTATTGATGTGGCATAGAAGTTTAAGAAAAATGTGGAAAAACATGTCAA,AACTTCTTATGCCTA,ATCTAGGACTTAATT,ACTGATAAGCTCAAAGGGTCTTCCTCTTCTC,GACTGAGCTTATTGTGTGGGATTTTTTAGAA
59,GTGCAATTATTGATGTGGCATAGAAGTTTAAGAAAAATGTGGAAAAACATGTCAA,AACTTCTTATGCCTA,ATCTAGGACTTAATT,ACTGATAAGCTCAAAGGGTCTTCCTCTTCTC,CGGGAAGCTTATTGTGTGGGATTTTTTAGAA
60,GTGCAATTATTGATGTGGCATAGAAGTTTAAGAAAAATGTGGAAAAACATGTCAA,AACTTCTTATGCCTA,ATCTAGGACTTAATT,ACTGATAAGCTCAAAGGGTCTTCCTCTTCTC,TATGCAGCTTATTGTGTGGGATTTTTTAGAA
61,ATTATTTTCATTGATCAATCAGATATGATACGTGACAGTCATTATCCAATAACAA,AAAATAAAATGTATT,CGTCATATGCCGTCA,CCACGTTGGTCCCCCAAATCAAGATTGAACG,AAACTATAGTCCTTTAAGTCACAATTGGACG
62,ATTATTTTCATTGATCAATCAGATATGATACGTGACAGTCATTATCCAATAACAA,AAAATAAAATGTATT,CGTCATATGCCGTCA,CCACGTTGGTCCCCCAAATCAAGATTGAACG,CGCCGATAGTCCTTTAAGTCACAATTGGACG
63,ATTATTTTCATTGATCAATCAGATATGATACGTGACAGTCATTATCCAATAACAA,AAAATAAAATGTATT,CGTCATATGCCGTCA,CCACGTTGGTCCCCCAAATCAAGATTGAACG,ACAGGATAGTCCTTTAAGTCACAATTGGACG
64,ATTATTTTCATTGATCAATCAGATATGATACGTGACAGTCATTATCCAATAACAA,AAAATAAAATGTATT,CGTCATATGCCGTCA,CCACGTTGGTCCCCCAAATCAAGATTGAACG,CATTAATAGTCCTTTAAGTCACAATTGGACG
65,ATTATTTTCATTGATCAATCAGATATGATACGTGACAGTCATTATCCAATAACAA,AAAATAAAATGTATT,CGTCATATGCCGTCA,CCACGTTGGTCCCCCAAATCAAGATTGAACG,ATCGTATAGTCCTTTAAGTCACAATTGGACG
66,ATTATTTTCATTGATCAATCAGATATGATACGTGACAGTCATTATCCAATAACAA,AAAATAAAATGTATT,CGTCATATGCCGTCA,TTGACTTGGTCCCCCAAATCAAGATTGAACG,AAACTATAGTCCTTTAAGTCACAATTGGACG
67,ATTATTTTCATTGATCAATCAGATATGATACGTGACAGTCATTATCCAATAACAA,AAAATAAAATGTATT,CGTCATATGCCGTCA,TTGACTTGGTCCCCCAAATCAAGATTGAACG,CGCCGATAGTCCTTTAAGTCACAATTGGACG
68,ATTATTTTCATTGATCAATCAGATATGATACGTGACAGTCATTATCCAATAACAA,AAAATAAAATGTATT,CGTCATATGCCGTCA,TTGACTTGGTCCCCCAAATCAAGATTGAACG,ACAGGATAGTCCTTTAAGTCACAATTGGACG
69,ATTATTTTCATTGATCAATCAGATATGATACGTGACAGTCATTATCCAATAACAA,AAAATAAAATGTATT,CGTCATATGCCGTCA,TTGACTTGGTCCCCCAAATCAAGATTGAACG,CATTAATAGTCCTTTAAGTCACAATTGGACG
70,ATTATTTTCATTGATCAATCAGATATGATACGTGACAGTCATTATCCAATAACAA,AAAATAAAATGTATT,CGTCATATGCCGTCA,TTGACTTGGTCCCCCAAATCAAGATTGAACG,ATCGTATAGTCCTTTAAGTCACAATTGGACG
71,ATTATTTTCATTGATCAATCAGATATGATACGTGACAGTCATTATCCAATAACAA,AAAATAAAATGTATT,CGTCATATGCCGTCA,GACTGTTGGTCCCCCAAATCAAGATTGAACG,AAACTATAGTCCTTTAAGTCACAATTGGACG
72,ATTATTTTCATTGATCAATCAGATATGATACGTGACAGTCATTATCCAATAACAA,AAAATAAAATGTATT,CGTCATATGCCGTCA,GACTGTTGGTCCCCCAAATCAAGATTGAACG,CGCCGATAGTCCTTTAAGTCACAATTGGACG
73,ATTATTTTCATTGATCAATCAGATATGATACGTGACAGTCATTATCCAATAACAA,AAAATAAAATGTATT,CGTCATATGCCGTCA,GACTGTTGGTCCCCCAAATCAAGATTGAACG,ACAGGATAGTCCTTTAAGTCACAATTGGACG
74,ATTATTTTCATTGATCAATCAGATATGATACGTGACAGTCATTATCCAATAACAA,AAAATAAAATGTATT,CGTCATATGCCGTCA,GACTGTTGGTCCCCCAAATCAAGATTGAACG,CATTAATAGTCCTTTAAGTCACAATTGGACG
75,ATTATTTTCATTGATCAATCAGATATGATACGTGACAGTCATTATCCAATAACAA,AAAATAAAATGTATT,CGTCATATGCCGTCA,GACTGTTGGTCCCCCAAATCAAGATTGAACG,ATCGTATAGTCCTTTAAGTCACAATTGGACG
76,ATTATTTTCATTGATCAATCAGATATGATACGTGACAGTCATTATCCAATAACAA,AAAATAAAATGTATT,CGTCATATGCCGTCA,CGGGATTGGTCCCCCAAATCAAGATTGAACG,AAACTATAGTCCTTTAAGTCACAATTGGACG
77,ATTATTTTCATTGATCAATCAGATATGATACGTGACAGTCATTATCCAATAACAA,AAAATAAAATGTATT,CGTCATATGCCGTCA,CGGGATTGGTCCCCCAAATCAAGATTGAACG,CGCCGATAGTCCTTTAAGTCACAATTGGACG
78,ATTATTTTCATTGATCAATCAGATATGATACGTGACAGTCATTATCCAATAACAA,AAAATAAAATGTATT,CGTCATATGCCGTCA,CGGGATTGGTCCCCCAAATCAAGATTGAACG,ACAGGATAGTCCTTTAAGTCACAATTGGACG
79,ATTATTTTCATTGATCAATCAGATATGATACGTGACAGTCATTATCCAATAACAA,AAAATAAAATGTATT,CGTCATATGCCGTCA,CGGGATTGGTCCCCCAAATCAAGATTGAACG,CATTAATAGTCCTTTAAGTCACAATTGGACG
80,ATTATTTTCATTGATCAATCAGATATGATACGTGACAGTCATTATCCAATAACAA,AAAATAAAATGTATT,CGTCATATGCCGTCA,CGGGATTGGTCCCCCAAATCAAGATTGAACG,ATCGTATAGTCCTTTAAGTCACAATTGGACG
81,TGATGTTTGTCATGTGTCATGTTCTGAGATTGGATGTCAACTTCATAAAAAATAA,CACGTTCTTATTGGA,AATGTATTATTATTT,CCACGTGTTGACGGCATATGACGTTGTTATT,CCGCATTTTACCATTAATTTAATTCACGAAT
82,TGATGTTTGTCATGTGTCATGTTCTGAGATTGGATGTCAACTTCATAAAAAATAA,CACGTTCTTATTGGA,AATGTATTATTATTT,CCACGTGTTGACGGCATATGACGTTGTTATT,CGCCGATTTACCATTAATTTAATTCACGAAT
83,TGATGTTTGTCATGTGTCATGTTCTGAGATTGGATGTCAACTTCATAAAAAATAA,CACGTTCTTATTGGA,AATGTATTATTATTT,CCACGTGTTGACGGCATATGACGTTGTTATT,ACAGGATTTACCATTAATTTAATTCACGAAT
84,TGATGTTTGTCATGTGTCATGTTCTGAGATTGGATGTCAACTTCATAAAAAATAA,CACGTTCTTATTGGA,AATGTATTATTATTT,CCACGTGTTGACGGCATATGACGTTGTTATT,CGCCCTTTTACCATTAATTTAATTCACGAAT
85,TGATGTTTGTCATGTGTCATGTTCTGAGATTGGATGTCAACTTCATAAAAAATAA,CACGTTCTTATTGGA,AATGTATTATTATTT,CCACGTGTTGACGGCATATGACGTTGTTATT,ACCGTCTTTACCATTAATTTAATTCACGAAT
86,TGATGTTTGTCATGTGTCATGTTCTGAGATTGGATGTCAACTTCATAAAAAATAA,CACGTTCTTATTGGA,AATGTATTATTATTT,CCACGTGTTGACGGCATATGACGTTGTTATT,CCACGATTTACCATTAATTTAATTCACGAAT
87,TGATGTTTGTCATGTGTCATGTTCTGAGATTGGATGTCAACTTCATAAAAAATAA,CACGTTCTTATTGGA,AATGTATTATTATTT,CCACGTGTTGACGGCATATGACGTTGTTATT,TGCGGATTTACCATTAATTTAATTCACGAAT
88,TGATGTTTGTCATGTGTCATGTTCTGAGATTGGATGTCAACTTCATAAAAAATAA,CACGTTCTTATTGGA,AATGTATTATTATTT,CCACGTGTTGACGGCATATGACGTTGTTATT,GACTGATTTACCATTAATTTAATTCACGAAT
89,TGATGTTTGTCATGTGTCATGTTCTGAGATTGGATGTCAACTTCATAAAAAATAA,CACGTTCTTATTGGA,AATGTATTATTATTT,CCACGTGTTGACGGCATATGACGTTGTTATT,CGGGAATTTACCATTAATTTAATTCACGAAT
90,TGATGTTTGTCATGTGTCATGTTCTGAGATTGGATGTCAACTTCATAAAAAATAA,CACGTTCTTATTGGA,AATGTATTATTATTT,CCACGTGTTGACGGCATATGACGTTGTTATT,TATGCATTTACCATTAATTTAATTCACGAAT
91,TGATGTTTGTCATGTGTCATGTTCTGAGATTGGATGTCAACTTCATAAAAAATAA,CACGTTCTTATTGGA,AATGTATTATTATTT,TTGACTGTTGACGGCATATGACGTTGTTATT,CCGCATTTTACCATTAATTTAATTCACGAAT
92,TGATGTTTGTCATGTGTCATGTTCTGAGATTGGATGTCAACTTCATAAAAAATAA,CACGTTCTTATTGGA,AATGTATTATTATTT,TTGACTGTTGACGGCATATGACGTTGTTATT,CGCCGATTTACCATTAATTTAATTCACGAAT
93,TGATGTTTGTCATGTGTCATGTTCTGAGATTGGATGTCAACTTCATAAAAAATAA,CACGTTCTTATTGGA,AATGTATTATTATTT,TTGACTGTTGACGGCATATGACGTTGTTATT,ACAGGATTTACCATTAATTTAATTCACGAAT
94,TGATGTTTGTCATGTGTCATGTTCTGAGATTGGATGTCAACTTCATAAAAAATAA,CACGTTCTTATTGGA,AATGTATTATTATTT,TTGACTGTTGACGGCATATGACGTTGTTATT,CGCCCTTTTACCATTAATTTAATTCACGAAT
95,TGATGTTTGTCATGTGTCATGTTCTGAGATTGGATGTCAACTTCATAAAAAATAA,CACGTTCTTATTGGA,AATGTATTATTATTT,TTGACTGTTGACGGCATATGACGTTGTTATT,ACCGTCTTTACCATTAATTTAATTCACGAAT
96,TGATGTTTGTCATGTGTCATGTTCTGAGATTGGATGTCAACTTCATAAAAAATAA,CACGTTCTTATTGGA,AATGTATTATTATTT,TTGACTGTTGACGGCATATGACGTTGTTATT,CCACGATTTACCATTAATTTAATTCACGAAT
97,TGATGTTTGTCATGTGTCATGTTCTGAGATTGGATGTCAACTTCATAAAAAATAA,CACGTTCTTATTGGA,AATGTATTATTATTT,TTGACTGTTGACGGCATATGACGTTGTTATT,TGCGGATTTACCATTAATTTAATTCACGAAT
98,TGATGTTTGTCATGTGTCATGTTCTGAGATTGGATGTCAACTTCATAAAAAATAA,CACGTTCTTATTGGA,AATGTATTATTATTT,TTGACTGTTGACGGCATATGACGTTGTTATT,GACTGATTTACCATTAATTTAATTCACGAAT
99,TGATGTTTGTCATGTGTCATGTTCTGAGATTGGATGTCAACTTCATAAAAAATAA,CACGTTCTTATTGGA,AATGTATTATTATTT,TTGACTGTTGACGGCATATGACGTTGTTATT,CGGGAATTTACCATTAATTTAATTCACGAAT
100,TGATGTTTGTCATGTGTCATGTTCTGAGATTGGATGTCAACTTCATAAAAAATAA,CACGTTCTTATTGGA,AATGTATTATTATTT,TTGACTGTTGACGGCATATGACGTTGTTATT,TATGCATTTACCATTAATTTAATTCACGAAT
101,TGACCGTTAATAAGTAATGTTAACTGCCACGTATCACGTTCTTATTGGATGATGT,GTCACAATTGGACGT,TTGTCATGTGTCATG,GACTGTGTTGACGGCATATGACGTTGTTATT,CCGCATTTTACCATTAATTTAATTCACGAAT
102,TGACCGTTAATAAGTAATGTTAACTGCCACGTATCACGTTCTTATTGGATGATGT,GTCACAATTGGACGT,TTGTCATGTGTCATG,GACTGTGTTGACGGCATATGACGTTGTTATT,CGCCGATTTACCATTAATTTAATTCACGAAT
103,TGACCGTTAATAAGTAATGTTAACTGCCACGTATCACGTTCTTATTGGATGATGT,GTCACAATTGGACGT,TTGTCATGTGTCATG,GACTGTGTTGACGGCATATGACGTTGTTATT,ACAGGATTTACCATTAATTTAATTCACGAAT
104,TGACCGTTAATAAGTAATGTTAACTGCCACGTATCACGTTCTTATTGGATGATGT,GTCACAATTGGACGT,TTGTCATGTGTCATG,GACTGTGTTGACGGCATATGACGTTGTTATT,CGCCCTTTTACCATTAATTTAATTCACGAAT
105,TGACCGTTAATAAGTAATGTTAACTGCCACGTATCACGTTCTTATTGGATGATGT,GTCACAATTGGACGT,TTGTCATGTGTCATG,GACTGTGTTGACGGCATATGACGTTGTTATT,ACCGTCTTTACCATTAATTTAATTCACGAAT
106,TGACCGTTAATAAGTAATGTTAACTGCCACGTATCACGTTCTTATTGGATGATGT,GTCACAATTGGACGT,TTGTCATGTGTCATG,GACTGTGTTGACGGCATATGACGTTGTTATT,CCACGATTTACCATTAATTTAATTCACGAAT
107,TGACCGTTAATAAGTAATGTTAACTGCCACGTATCACGTTCTTATTGGATGATGT,GTCACAATTGGACGT,TTGTCATGTGTCATG,GACTGTGTTGACGGCATATGACGTTGTTATT,TGCGGATTTACCATTAATTTAATTCACGAAT
108,TGACCGTTAATAAGTAATGTTAACTGCCACGTATCACGTTCTTATTGGATGATGT,GTCACAATTGGACGT,TTGTCATGTGTCATG,GACTGTGTTGACGGCATATGACGTTGTTATT,GACTGATTTACCATTAATTTAATTCACGAAT
109,TGACCGTTAATAAGTAATGTTAACTGCCACGTATCACGTTCTTATTGGATGATGT,GTCACAATTGGACGT,TTGTCATGTGTCATG,GACTGTGTTGACGGCATATGACGTTGTTATT,CGGGAATTTACCATTAATTTAATTCACGAAT
110,TGACCGTTAATAAGTAATGTTAACTGCCACGTATCACGTTCTTATTGGATGATGT,GTCACAATTGGACGT,TTGTCATGTGTCATG,GACTGTGTTGACGGCATATGACGTTGTTATT,TATGCATTTACCATTAATTTAATTCACGAAT
111,TGACCGTTAATAAGTAATGTTAACTGCCACGTATCACGTTCTTATTGGATGATGT,GTCACAATTGGACGT,TTGTCATGTGTCATG,CGGGATGTTGACGGCATATGACGTTGTTATT,CCGCATTTTACCATTAATTTAATTCACGAAT
112,TGACCGTTAATAAGTAATGTTAACTGCCACGTATCACGTTCTTATTGGATGATGT,GTCACAATTGGACGT,TTGTCATGTGTCATG,CGGGATGTTGACGGCATATGACGTTGTTATT,CGCCGATTTACCATTAATTTAATTCACGAAT
113,TGACCGTTAATAAGTAATGTTAACTGCCACGTATCACGTTCTTATTGGATGATGT,GTCACAATTGGACGT,TTGTCATGTGTCATG,CGGGATGTTGACGGCATATGACGTTGTTATT,ACAGGATTTACCATTAATTTAATTCACGAAT
114,TGACCGTTAATAAGTAATGTTAACTGCCACGTATCACGTTCTTATTGGATGATGT,GTCACAATTGGACGT,TTGTCATGTGTCATG,CGGGATGTTGACGGCATATGACGTTGTTATT,CGCCCTTTTACCATTAATTTAATTCACGAAT
115,TGACCGTTAATAAGTAATGTTAACTGCCACGTATCACGTTCTTATTGGATGATGT,GTCACAATTGGACGT,TTGTCATGTGTCATG,CGGGATGTTGACGGCATATGACGTTGTTATT,ACCGTCTTTACCATTAATTTAATTCACGAAT
116,TGACCGTTAATAAGTAATGTTAACTGCCACGTATCACGTTCTTATTGGATGATGT,GTCACAATTGGACGT,TTGTCATGTGTCATG,CGGGATGTTGACGGCATATGACGTTGTTATT,CCACGATTTACCATTAATTTAATTCACGAAT
117,TGACCGTTAATAAGTAATGTTAACTGCCACGTATCACGTTCTTATTGGATGATGT,GTCACAATTGGACGT,TTGTCATGTGTCATG,CGGGATGTTGACGGCATATGACGTTGTTATT,TGCGGATTTACCATTAATTTAATTCACGAAT
118,TGACCGTTAATAAGTAATGTTAACTGCCACGTATCACGTTCTTATTGGATGATGT,GTCACAATTGGACGT,TTGTCATGTGTCATG,CGGGATGTTGACGGCATATGACGTTGTTATT,GACTGATTTACCATTAATTTAATTCACGAAT
119,TGACCGTTAATAAGTAATGTTAACTGCCACGTATCACGTTCTTATTGGATGATGT,GTCACAATTGGACGT,TTGTCATGTGTCATG,CGGGATGTTGACGGCATATGACGTTGTTATT,CGGGAATTTACCATTAATTTAATTCACGAAT
120,TGACCGTTAATAAGTAATGTTAACTGCCACGTATCACGTTCTTATTGGATGATGT,GTCACAATTGGACGT,TTGTCATGTGTCATG,CGGGATGTTGACGGCATATGACGTTGTTATT,TATGCATTTACCATTAATTTAATTCACGAAT
